,Coef.,Std.Err.,z,P>|z|,[0.025,0.975],Chroma,Significant,ch_name,fdr_status
ch_name[S4_D2 hbr]:Chroma[hbr],-3.4445370551969324e-07,1.7418018395658971e-07,-1.9775711432566874,0.04797710733173886,-6.858405928951705e-07,-3.0668181442159737e-09,hbr,True,S4_D2 hbr,True
ch_name[S4_D4 hbr]:Chroma[hbr],5.488006877128149e-07,1.741801839565897e-07,3.1507641985818005,0.0016284390256273741,2.0741380033733764e-07,8.901875750882921e-07,hbr,True,S4_D4 hbr,True
ch_name[S5_D6 hbr]:Chroma[hbr],-3.466300356393302e-07,1.7418018395658971e-07,-1.9900658488552263,0.046583682210335334,-6.880169230148075e-07,-5.2431482638529305e-09,hbr,True,S5_D6 hbr,True
ch_name[S8_D6 hbr]:Chroma[hbr],4.6079089924891706e-07,1.7418018395658971e-07,2.6454840543959826,0.008157413159680832,1.194040118734398e-07,8.021777866243944e-07,hbr,True,S8_D6 hbr,True
