,Condition,df,mse,p_value,se,t,theta,Source,Detector,Chroma,Significant,ch_name,ID,fdr_status
4768,Neutral,21.0,3.949961367063128e-12,6.907943015773704e-06,6.879841707249506e-07,5.931251152960504,4.08060690583094e-06,5,6,hbo,True,S5_D6 hbo,12,True
5146,Neutral,21.0,4.3949639056942954e-13,6.9079430157737555e-06,2.294878400526461e-07,-5.931251152960502,-1.3611500159026722e-06,5,6,hbr,True,S5_D6 hbr,12,True
34662,Concern,21.0,2.888732462508833e-12,1.0408316364997322e-05,6.028842030873868e-07,5.751643468620336,3.4675749890219444e-06,5,4,hbo,True,S5_D4 hbo,2,True
35040,Concern,21.0,3.8501562514945434e-13,1.0408316364997304e-05,2.2009968501570398e-07,-5.751643468620337,-1.2659349157659672e-06,5,4,hbr,True,S5_D4 hbr,2,True
